-- phpMyAdmin SQL Dump
-- version 5.2.1
-- https://www.phpmyadmin.net/
--
-- Host: 127.0.0.1
-- Generation Time: Dec 14, 2024 at 05:10 AM
-- Server version: 10.4.32-MariaDB
-- PHP Version: 8.2.12

SET SQL_MODE = "NO_AUTO_VALUE_ON_ZERO";
START TRANSACTION;
SET time_zone = "+00:00";


/*!40101 SET @OLD_CHARACTER_SET_CLIENT=@@CHARACTER_SET_CLIENT */;
/*!40101 SET @OLD_CHARACTER_SET_RESULTS=@@CHARACTER_SET_RESULTS */;
/*!40101 SET @OLD_COLLATION_CONNECTION=@@COLLATION_CONNECTION */;
/*!40101 SET NAMES utf8mb4 */;

--
-- Database: `midsem_db`
--

-- --------------------------------------------------------

--
-- Table structure for table `abb101`
--

CREATE TABLE `abb101` (
  `id` int(11) NOT NULL,
  `start_time` time NOT NULL,
  `end_time` time NOT NULL,
  `checker_mon` int(11) NOT NULL,
  `checker_tue` int(11) NOT NULL,
  `checker_wed` int(11) NOT NULL,
  `checker_thu` int(11) NOT NULL,
  `checker_fri` int(11) NOT NULL,
  `checker_sat` int(11) NOT NULL,
  `checker_sun` int(11) NOT NULL
) ENGINE=InnoDB DEFAULT CHARSET=utf8mb4 COLLATE=utf8mb4_general_ci;

--
-- Dumping data for table `abb101`
--

INSERT INTO `abb101` (`id`, `start_time`, `end_time`, `checker_mon`, `checker_tue`, `checker_wed`, `checker_thu`, `checker_fri`, `checker_sat`, `checker_sun`) VALUES
(1, '07:00:00', '07:15:00', 0, 0, 0, 0, 0, 0, 0),
(2, '07:15:00', '07:30:00', 0, 0, 0, 0, 0, 0, 0),
(3, '07:30:00', '07:45:00', 0, 0, 0, 0, 0, 0, 0),
(4, '07:45:00', '08:00:00', 0, 0, 0, 0, 0, 0, 0),
(5, '08:00:00', '08:15:00', 0, 0, 0, 0, 0, 0, 0),
(6, '08:15:00', '08:30:00', 0, 0, 0, 0, 0, 0, 0),
(7, '08:30:00', '08:45:00', 0, 0, 0, 0, 0, 0, 0),
(8, '08:45:00', '09:00:00', 0, 0, 0, 0, 0, 0, 0),
(9, '09:00:00', '09:15:00', 0, 0, 0, 0, 0, 0, 0),
(10, '09:15:00', '09:30:00', 0, 0, 0, 0, 0, 0, 0),
(11, '09:30:00', '09:45:00', 0, 0, 0, 0, 0, 0, 0),
(12, '09:45:00', '10:00:00', 0, 0, 0, 0, 0, 0, 0),
(13, '10:00:00', '10:15:00', 0, 0, 0, 0, 0, 0, 0),
(14, '10:15:00', '10:30:00', 0, 0, 0, 0, 0, 0, 0),
(15, '10:30:00', '10:45:00', 0, 0, 0, 0, 0, 0, 0),
(16, '10:45:00', '11:00:00', 0, 0, 0, 0, 0, 0, 0),
(17, '11:00:00', '11:15:00', 0, 0, 0, 0, 0, 0, 0),
(18, '11:15:00', '11:30:00', 0, 0, 0, 0, 0, 0, 0),
(19, '11:30:00', '11:45:00', 0, 0, 0, 0, 0, 0, 0),
(20, '11:45:00', '12:00:00', 0, 0, 0, 0, 0, 0, 0),
(21, '12:00:00', '12:15:00', 0, 0, 0, 0, 0, 0, 0),
(22, '12:15:00', '12:30:00', 0, 0, 0, 0, 0, 0, 0),
(23, '12:30:00', '12:45:00', 0, 0, 0, 0, 0, 0, 0),
(24, '12:45:00', '13:00:00', 0, 0, 0, 0, 0, 0, 0),
(25, '13:00:00', '13:15:00', 0, 0, 0, 0, 0, 0, 0),
(26, '13:15:00', '13:30:00', 0, 0, 0, 0, 0, 0, 0),
(27, '13:30:00', '13:45:00', 0, 0, 0, 0, 0, 0, 0),
(28, '13:45:00', '14:00:00', 0, 0, 0, 0, 0, 0, 0),
(29, '14:00:00', '14:15:00', 0, 0, 0, 0, 0, 0, 0),
(30, '14:15:00', '14:30:00', 0, 0, 0, 0, 0, 0, 0),
(31, '14:30:00', '14:45:00', 0, 0, 0, 0, 0, 0, 0),
(32, '14:45:00', '15:00:00', 0, 0, 0, 0, 0, 0, 0),
(33, '15:00:00', '15:15:00', 0, 0, 0, 0, 0, 0, 0),
(34, '15:15:00', '15:30:00', 0, 0, 0, 0, 0, 0, 0),
(35, '15:30:00', '15:45:00', 0, 0, 0, 0, 0, 0, 0),
(36, '15:45:00', '16:00:00', 0, 0, 0, 0, 0, 0, 0),
(37, '16:00:00', '16:15:00', 0, 0, 0, 0, 0, 0, 0),
(38, '16:15:00', '16:30:00', 0, 0, 0, 0, 0, 0, 0),
(39, '16:30:00', '16:45:00', 0, 0, 0, 0, 0, 0, 0),
(40, '16:45:00', '17:00:00', 0, 0, 0, 0, 0, 0, 0),
(41, '17:00:00', '17:15:00', 0, 0, 0, 0, 0, 0, 0),
(42, '17:15:00', '17:30:00', 0, 0, 0, 0, 0, 0, 0),
(43, '17:30:00', '17:45:00', 0, 0, 0, 0, 0, 0, 0),
(44, '17:45:00', '18:00:00', 0, 0, 0, 0, 0, 0, 0),
(45, '18:00:00', '18:15:00', 0, 0, 0, 0, 0, 0, 0),
(46, '18:15:00', '18:30:00', 0, 0, 0, 0, 0, 0, 0),
(47, '18:30:00', '18:45:00', 0, 0, 0, 0, 0, 0, 0),
(48, '18:45:00', '19:00:00', 0, 0, 0, 0, 0, 0, 0);

-- --------------------------------------------------------

--
-- Table structure for table `abb103`
--

CREATE TABLE `abb103` (
  `id` int(11) NOT NULL,
  `start_time` time NOT NULL,
  `end_time` time NOT NULL,
  `checker_mon` int(11) NOT NULL,
  `checker_tue` int(11) NOT NULL,
  `checker_wed` int(11) NOT NULL,
  `checker_thu` int(11) NOT NULL,
  `checker_fri` int(11) NOT NULL,
  `checker_sat` int(11) NOT NULL,
  `checker_sun` int(11) NOT NULL
) ENGINE=InnoDB DEFAULT CHARSET=utf8mb4 COLLATE=utf8mb4_general_ci;

--
-- Dumping data for table `abb103`
--

INSERT INTO `abb103` (`id`, `start_time`, `end_time`, `checker_mon`, `checker_tue`, `checker_wed`, `checker_thu`, `checker_fri`, `checker_sat`, `checker_sun`) VALUES
(1, '07:00:00', '07:15:00', 0, 0, 0, 0, 0, 0, 0),
(2, '07:15:00', '07:30:00', 0, 0, 0, 0, 0, 0, 0),
(3, '07:30:00', '07:45:00', 0, 0, 0, 0, 0, 0, 0),
(4, '07:45:00', '08:00:00', 0, 0, 0, 0, 0, 0, 0),
(5, '08:00:00', '08:15:00', 0, 0, 0, 0, 0, 0, 0),
(6, '08:15:00', '08:30:00', 0, 0, 0, 0, 0, 0, 0),
(7, '08:30:00', '08:45:00', 0, 0, 0, 0, 0, 0, 0),
(8, '08:45:00', '09:00:00', 0, 0, 0, 0, 0, 0, 0),
(9, '09:00:00', '09:15:00', 0, 0, 0, 0, 0, 0, 0),
(10, '09:15:00', '09:30:00', 0, 0, 0, 0, 0, 0, 0),
(11, '09:30:00', '09:45:00', 0, 0, 0, 0, 0, 0, 0),
(12, '09:45:00', '10:00:00', 0, 0, 0, 0, 0, 0, 0),
(13, '10:00:00', '10:15:00', 0, 0, 0, 0, 0, 0, 0),
(14, '10:15:00', '10:30:00', 0, 0, 0, 0, 0, 0, 0),
(15, '10:30:00', '10:45:00', 0, 0, 0, 0, 0, 0, 0),
(16, '10:45:00', '11:00:00', 0, 0, 0, 0, 0, 0, 0),
(17, '11:00:00', '11:15:00', 0, 0, 0, 0, 0, 0, 0),
(18, '11:15:00', '11:30:00', 0, 0, 0, 0, 0, 0, 0),
(19, '11:30:00', '11:45:00', 0, 0, 0, 0, 0, 0, 0),
(20, '11:45:00', '12:00:00', 0, 0, 0, 0, 0, 0, 0),
(21, '12:00:00', '12:15:00', 0, 0, 0, 0, 0, 0, 0),
(22, '12:15:00', '12:30:00', 0, 0, 0, 0, 0, 0, 0),
(23, '12:30:00', '12:45:00', 0, 0, 0, 0, 0, 0, 0),
(24, '12:45:00', '13:00:00', 0, 0, 0, 0, 0, 0, 0),
(25, '13:00:00', '13:15:00', 0, 0, 0, 0, 0, 0, 0),
(26, '13:15:00', '13:30:00', 0, 0, 0, 0, 0, 0, 0),
(27, '13:30:00', '13:45:00', 0, 0, 0, 0, 0, 0, 0),
(28, '13:45:00', '14:00:00', 0, 0, 0, 0, 0, 0, 0),
(29, '14:00:00', '14:15:00', 0, 0, 0, 0, 0, 0, 0),
(30, '14:15:00', '14:30:00', 0, 0, 0, 0, 0, 0, 0),
(31, '14:30:00', '14:45:00', 0, 0, 0, 0, 0, 0, 0),
(32, '14:45:00', '15:00:00', 0, 0, 0, 0, 0, 0, 0),
(33, '15:00:00', '15:15:00', 0, 0, 0, 0, 0, 0, 0),
(34, '15:15:00', '15:30:00', 0, 0, 0, 0, 0, 0, 0),
(35, '15:30:00', '15:45:00', 0, 0, 0, 0, 0, 0, 0),
(36, '15:45:00', '16:00:00', 0, 0, 0, 0, 0, 0, 0),
(37, '16:00:00', '16:15:00', 0, 0, 0, 0, 0, 0, 0),
(38, '16:15:00', '16:30:00', 0, 0, 0, 0, 0, 0, 0),
(39, '16:30:00', '16:45:00', 0, 0, 0, 0, 0, 0, 0),
(40, '16:45:00', '17:00:00', 0, 0, 0, 0, 0, 0, 0),
(41, '17:00:00', '17:15:00', 0, 0, 0, 0, 0, 0, 0),
(42, '17:15:00', '17:30:00', 0, 0, 0, 0, 0, 0, 0),
(43, '17:30:00', '17:45:00', 0, 0, 0, 0, 0, 0, 0),
(44, '17:45:00', '18:00:00', 0, 0, 0, 0, 0, 0, 0),
(45, '18:00:00', '18:15:00', 0, 0, 0, 0, 0, 0, 0),
(46, '18:15:00', '18:30:00', 0, 0, 0, 0, 0, 0, 0),
(47, '18:30:00', '18:45:00', 0, 0, 0, 0, 0, 0, 0),
(48, '18:45:00', '19:00:00', 0, 0, 0, 0, 0, 0, 0);

-- --------------------------------------------------------

--
-- Table structure for table `cecs501`
--

CREATE TABLE `cecs501` (
  `id` int(11) NOT NULL,
  `start_time` time NOT NULL,
  `end_time` time NOT NULL,
  `checker_mon` int(11) NOT NULL,
  `checker_tue` int(11) NOT NULL,
  `checker_wed` int(11) NOT NULL,
  `checker_thu` int(11) NOT NULL,
  `checker_fri` int(11) NOT NULL,
  `checker_sat` int(11) NOT NULL,
  `checker_sun` int(11) NOT NULL
) ENGINE=InnoDB DEFAULT CHARSET=utf8mb4 COLLATE=utf8mb4_general_ci;

--
-- Dumping data for table `cecs501`
--

INSERT INTO `cecs501` (`id`, `start_time`, `end_time`, `checker_mon`, `checker_tue`, `checker_wed`, `checker_thu`, `checker_fri`, `checker_sat`, `checker_sun`) VALUES
(1, '07:00:00', '07:15:00', 0, 0, 0, 0, 0, 0, 0),
(2, '07:15:00', '07:30:00', 0, 0, 0, 0, 0, 0, 0),
(3, '07:30:00', '07:45:00', 0, 0, 0, 0, 0, 0, 0),
(4, '07:45:00', '08:00:00', 0, 0, 0, 0, 0, 0, 0),
(5, '08:00:00', '08:15:00', 0, 0, 0, 0, 0, 0, 0),
(6, '08:15:00', '08:30:00', 0, 0, 0, 0, 0, 0, 0),
(7, '08:30:00', '08:45:00', 0, 0, 0, 0, 0, 0, 0),
(8, '08:45:00', '09:00:00', 0, 0, 0, 0, 0, 0, 0),
(9, '09:00:00', '09:15:00', 0, 0, 0, 0, 0, 0, 0),
(10, '09:15:00', '09:30:00', 0, 0, 0, 0, 0, 0, 0),
(11, '09:30:00', '09:45:00', 0, 0, 0, 0, 0, 0, 0),
(12, '09:45:00', '10:00:00', 0, 0, 0, 0, 0, 0, 0),
(13, '10:00:00', '10:15:00', 0, 0, 0, 0, 0, 0, 0),
(14, '10:15:00', '10:30:00', 0, 0, 0, 0, 0, 0, 0),
(15, '10:30:00', '10:45:00', 0, 0, 0, 0, 0, 0, 0),
(16, '10:45:00', '11:00:00', 0, 0, 0, 0, 0, 0, 0),
(17, '11:00:00', '11:15:00', 0, 0, 0, 0, 0, 0, 0),
(18, '11:15:00', '11:30:00', 0, 0, 0, 0, 0, 0, 0),
(19, '11:30:00', '11:45:00', 0, 0, 0, 0, 0, 0, 0),
(20, '11:45:00', '12:00:00', 0, 0, 0, 0, 0, 0, 0),
(21, '12:00:00', '12:15:00', 0, 0, 0, 0, 0, 0, 0),
(22, '12:15:00', '12:30:00', 0, 0, 0, 0, 0, 0, 0),
(23, '12:30:00', '12:45:00', 0, 0, 0, 0, 0, 0, 0),
(24, '12:45:00', '13:00:00', 0, 0, 0, 0, 0, 0, 0),
(25, '13:00:00', '13:15:00', 0, 0, 0, 0, 0, 0, 0),
(26, '13:15:00', '13:30:00', 0, 0, 0, 0, 0, 0, 0),
(27, '13:30:00', '13:45:00', 0, 0, 0, 0, 0, 0, 0),
(28, '13:45:00', '14:00:00', 0, 0, 0, 0, 0, 0, 0),
(29, '14:00:00', '14:15:00', 0, 0, 0, 0, 0, 0, 0),
(30, '14:15:00', '14:30:00', 0, 0, 0, 0, 0, 0, 0),
(31, '14:30:00', '14:45:00', 0, 0, 0, 0, 0, 0, 0),
(32, '14:45:00', '15:00:00', 0, 0, 0, 0, 0, 0, 0),
(33, '15:00:00', '15:15:00', 0, 0, 0, 0, 0, 0, 0),
(34, '15:15:00', '15:30:00', 0, 0, 0, 0, 0, 0, 0),
(35, '15:30:00', '15:45:00', 0, 0, 0, 0, 0, 0, 0),
(36, '15:45:00', '16:00:00', 0, 0, 0, 0, 0, 0, 0),
(37, '16:00:00', '16:15:00', 0, 0, 0, 0, 0, 0, 0),
(38, '16:15:00', '16:30:00', 0, 0, 0, 0, 0, 0, 0),
(39, '16:30:00', '16:45:00', 0, 0, 0, 0, 0, 0, 0),
(40, '16:45:00', '17:00:00', 0, 0, 0, 0, 0, 0, 0),
(41, '17:00:00', '17:15:00', 0, 0, 0, 0, 0, 0, 0),
(42, '17:15:00', '17:30:00', 0, 0, 0, 0, 0, 0, 0),
(43, '17:30:00', '17:45:00', 0, 0, 0, 0, 0, 0, 0),
(44, '17:45:00', '18:00:00', 0, 0, 0, 0, 0, 0, 0),
(45, '18:00:00', '18:15:00', 0, 0, 0, 0, 0, 0, 0),
(46, '18:15:00', '18:30:00', 0, 0, 0, 0, 0, 0, 0),
(47, '18:30:00', '18:45:00', 0, 0, 0, 0, 0, 0, 0),
(48, '18:45:00', '19:00:00', 0, 0, 0, 0, 0, 0, 0);

-- --------------------------------------------------------

--
-- Table structure for table `cecs502`
--

CREATE TABLE `cecs502` (
  `id` int(11) NOT NULL,
  `start_time` time NOT NULL,
  `end_time` time NOT NULL,
  `checker_mon` int(11) NOT NULL,
  `checker_tue` int(11) NOT NULL,
  `checker_wed` int(11) NOT NULL,
  `checker_thu` int(11) NOT NULL,
  `checker_fri` int(11) NOT NULL,
  `checker_sat` int(11) NOT NULL,
  `checker_sun` int(11) NOT NULL
) ENGINE=InnoDB DEFAULT CHARSET=utf8mb4 COLLATE=utf8mb4_general_ci;

--
-- Dumping data for table `cecs502`
--

INSERT INTO `cecs502` (`id`, `start_time`, `end_time`, `checker_mon`, `checker_tue`, `checker_wed`, `checker_thu`, `checker_fri`, `checker_sat`, `checker_sun`) VALUES
(1, '07:00:00', '07:15:00', 0, 0, 0, 0, 0, 0, 0),
(2, '07:15:00', '07:30:00', 0, 0, 0, 0, 0, 0, 0),
(3, '07:30:00', '07:45:00', 0, 0, 0, 0, 0, 0, 0),
(4, '07:45:00', '08:00:00', 0, 0, 0, 0, 0, 0, 0),
(5, '08:00:00', '08:15:00', 0, 0, 0, 0, 0, 0, 0),
(6, '08:15:00', '08:30:00', 0, 0, 0, 0, 0, 0, 0),
(7, '08:30:00', '08:45:00', 0, 0, 0, 0, 0, 0, 0),
(8, '08:45:00', '09:00:00', 0, 0, 0, 0, 0, 0, 0),
(9, '09:00:00', '09:15:00', 0, 0, 0, 0, 0, 0, 0),
(10, '09:15:00', '09:30:00', 0, 0, 0, 0, 0, 0, 0),
(11, '09:30:00', '09:45:00', 0, 0, 0, 0, 0, 0, 0),
(12, '09:45:00', '10:00:00', 0, 0, 0, 0, 0, 0, 0),
(13, '10:00:00', '10:15:00', 0, 0, 0, 0, 0, 0, 0),
(14, '10:15:00', '10:30:00', 0, 0, 0, 0, 0, 0, 0),
(15, '10:30:00', '10:45:00', 0, 0, 0, 0, 0, 0, 0),
(16, '10:45:00', '11:00:00', 0, 0, 0, 0, 0, 0, 0),
(17, '11:00:00', '11:15:00', 0, 0, 0, 0, 0, 0, 0),
(18, '11:15:00', '11:30:00', 0, 0, 0, 0, 0, 0, 0),
(19, '11:30:00', '11:45:00', 0, 0, 0, 0, 0, 0, 0),
(20, '11:45:00', '12:00:00', 0, 0, 0, 0, 0, 0, 0),
(21, '12:00:00', '12:15:00', 0, 0, 0, 0, 0, 0, 0),
(22, '12:15:00', '12:30:00', 0, 0, 0, 0, 0, 0, 0),
(23, '12:30:00', '12:45:00', 0, 0, 0, 0, 0, 0, 0),
(24, '12:45:00', '13:00:00', 0, 0, 0, 0, 0, 0, 0),
(25, '13:00:00', '13:15:00', 0, 0, 0, 0, 0, 0, 0),
(26, '13:15:00', '13:30:00', 0, 0, 0, 0, 0, 0, 0),
(27, '13:30:00', '13:45:00', 0, 0, 0, 0, 0, 0, 0),
(28, '13:45:00', '14:00:00', 0, 0, 0, 0, 0, 0, 0),
(29, '14:00:00', '14:15:00', 0, 0, 0, 0, 0, 0, 0),
(30, '14:15:00', '14:30:00', 0, 0, 0, 0, 0, 0, 0),
(31, '14:30:00', '14:45:00', 0, 0, 0, 0, 0, 0, 0),
(32, '14:45:00', '15:00:00', 0, 0, 0, 0, 0, 0, 0),
(33, '15:00:00', '15:15:00', 0, 0, 0, 0, 0, 0, 0),
(34, '15:15:00', '15:30:00', 0, 0, 0, 0, 0, 0, 0),
(35, '15:30:00', '15:45:00', 0, 0, 0, 0, 0, 0, 0),
(36, '15:45:00', '16:00:00', 0, 0, 0, 0, 0, 0, 0),
(37, '16:00:00', '16:15:00', 0, 0, 0, 0, 0, 0, 0),
(38, '16:15:00', '16:30:00', 0, 0, 0, 0, 0, 0, 0),
(39, '16:30:00', '16:45:00', 0, 0, 0, 0, 0, 0, 0),
(40, '16:45:00', '17:00:00', 0, 0, 0, 0, 0, 0, 0),
(41, '17:00:00', '17:15:00', 0, 0, 0, 0, 0, 0, 0),
(42, '17:15:00', '17:30:00', 0, 0, 0, 0, 0, 0, 0),
(43, '17:30:00', '17:45:00', 0, 0, 0, 0, 0, 0, 0),
(44, '17:45:00', '18:00:00', 0, 0, 0, 0, 0, 0, 0),
(45, '18:00:00', '18:15:00', 0, 0, 0, 0, 0, 0, 0),
(46, '18:15:00', '18:30:00', 0, 0, 0, 0, 0, 0, 0),
(47, '18:30:00', '18:45:00', 0, 0, 0, 0, 0, 0, 0),
(48, '18:45:00', '19:00:00', 0, 0, 0, 0, 0, 0, 0);

-- --------------------------------------------------------

--
-- Table structure for table `cecs503`
--

CREATE TABLE `cecs503` (
  `id` int(11) NOT NULL,
  `start_time` time NOT NULL,
  `end_time` time NOT NULL,
  `checker_mon` int(11) NOT NULL,
  `checker_tue` int(11) NOT NULL,
  `checker_wed` int(11) NOT NULL,
  `checker_thu` int(11) NOT NULL,
  `checker_fri` int(11) NOT NULL,
  `checker_sat` int(11) NOT NULL,
  `checker_sun` int(11) NOT NULL
) ENGINE=InnoDB DEFAULT CHARSET=utf8mb4 COLLATE=utf8mb4_general_ci;

--
-- Dumping data for table `cecs503`
--

INSERT INTO `cecs503` (`id`, `start_time`, `end_time`, `checker_mon`, `checker_tue`, `checker_wed`, `checker_thu`, `checker_fri`, `checker_sat`, `checker_sun`) VALUES
(1, '07:00:00', '07:15:00', 0, 0, 0, 0, 0, 0, 0),
(2, '07:15:00', '07:30:00', 0, 0, 0, 0, 0, 0, 0),
(3, '07:30:00', '07:45:00', 0, 0, 0, 0, 0, 0, 0),
(4, '07:45:00', '08:00:00', 0, 0, 0, 0, 0, 0, 0),
(5, '08:00:00', '08:15:00', 0, 0, 0, 0, 0, 0, 0),
(6, '08:15:00', '08:30:00', 0, 0, 0, 0, 0, 0, 0),
(7, '08:30:00', '08:45:00', 0, 0, 0, 0, 0, 0, 0),
(8, '08:45:00', '09:00:00', 0, 0, 0, 0, 0, 0, 0),
(9, '09:00:00', '09:15:00', 0, 0, 0, 0, 0, 0, 0),
(10, '09:15:00', '09:30:00', 0, 0, 0, 0, 0, 0, 0),
(11, '09:30:00', '09:45:00', 0, 0, 0, 0, 0, 0, 0),
(12, '09:45:00', '10:00:00', 0, 0, 0, 0, 0, 0, 0),
(13, '10:00:00', '10:15:00', 0, 0, 0, 0, 0, 0, 0),
(14, '10:15:00', '10:30:00', 0, 0, 0, 0, 0, 0, 0),
(15, '10:30:00', '10:45:00', 0, 0, 0, 0, 0, 0, 0),
(16, '10:45:00', '11:00:00', 0, 0, 0, 0, 0, 0, 0),
(17, '11:00:00', '11:15:00', 0, 0, 0, 0, 0, 0, 0),
(18, '11:15:00', '11:30:00', 0, 0, 0, 0, 0, 0, 0),
(19, '11:30:00', '11:45:00', 0, 0, 0, 0, 0, 0, 0),
(20, '11:45:00', '12:00:00', 0, 0, 0, 0, 0, 0, 0),
(21, '12:00:00', '12:15:00', 0, 0, 0, 0, 0, 0, 0),
(22, '12:15:00', '12:30:00', 0, 0, 0, 0, 0, 0, 0),
(23, '12:30:00', '12:45:00', 0, 0, 0, 0, 0, 0, 0),
(24, '12:45:00', '13:00:00', 0, 0, 0, 0, 0, 0, 0),
(25, '13:00:00', '13:15:00', 0, 0, 0, 0, 0, 0, 0),
(26, '13:15:00', '13:30:00', 0, 0, 0, 0, 0, 0, 0),
(27, '13:30:00', '13:45:00', 0, 0, 0, 0, 0, 0, 0),
(28, '13:45:00', '14:00:00', 0, 0, 0, 0, 0, 0, 0),
(29, '14:00:00', '14:15:00', 0, 0, 0, 0, 0, 0, 0),
(30, '14:15:00', '14:30:00', 0, 0, 0, 0, 0, 0, 0),
(31, '14:30:00', '14:45:00', 0, 0, 0, 0, 0, 0, 0),
(32, '14:45:00', '15:00:00', 0, 0, 0, 0, 0, 0, 0),
(33, '15:00:00', '15:15:00', 0, 0, 0, 0, 0, 0, 0),
(34, '15:15:00', '15:30:00', 0, 0, 0, 0, 0, 0, 0),
(35, '15:30:00', '15:45:00', 0, 0, 0, 0, 0, 0, 0),
(36, '15:45:00', '16:00:00', 0, 0, 0, 0, 0, 0, 0),
(37, '16:00:00', '16:15:00', 0, 0, 0, 0, 0, 0, 0),
(38, '16:15:00', '16:30:00', 0, 0, 0, 0, 0, 0, 0),
(39, '16:30:00', '16:45:00', 0, 0, 0, 0, 0, 0, 0),
(40, '16:45:00', '17:00:00', 0, 0, 0, 0, 0, 0, 0),
(41, '17:00:00', '17:15:00', 0, 0, 0, 0, 0, 0, 0),
(42, '17:15:00', '17:30:00', 0, 0, 0, 0, 0, 0, 0),
(43, '17:30:00', '17:45:00', 0, 0, 0, 0, 0, 0, 0),
(44, '17:45:00', '18:00:00', 0, 0, 0, 0, 0, 0, 0),
(45, '18:00:00', '18:15:00', 0, 0, 0, 0, 0, 0, 0),
(46, '18:15:00', '18:30:00', 0, 0, 0, 0, 0, 0, 0),
(47, '18:30:00', '18:45:00', 0, 0, 0, 0, 0, 0, 0),
(48, '18:45:00', '19:00:00', 0, 0, 0, 0, 0, 0, 0);

-- --------------------------------------------------------

--
-- Table structure for table `day`
--

CREATE TABLE `day` (
  `id` int(11) NOT NULL,
  `day` varchar(50) NOT NULL
) ENGINE=InnoDB DEFAULT CHARSET=utf8mb4 COLLATE=utf8mb4_general_ci;

--
-- Dumping data for table `day`
--

INSERT INTO `day` (`id`, `day`) VALUES
(1, ''),
(2, 'MONDAY'),
(3, 'TUESDAY'),
(4, 'WEDNESDAY'),
(5, 'THURSDAY'),
(6, 'FRIDAY'),
(7, 'SATURDAY'),
(8, 'SUNDAY');

-- --------------------------------------------------------

--
-- Table structure for table `designation`
--

CREATE TABLE `designation` (
  `id` int(11) NOT NULL,
  `desig` varchar(255) DEFAULT NULL
) ENGINE=InnoDB DEFAULT CHARSET=utf8mb4 COLLATE=utf8mb4_general_ci;

--
-- Dumping data for table `designation`
--

INSERT INTO `designation` (`id`, `desig`) VALUES
(1, ''),
(2, 'Permanent Staff'),
(3, 'Guest Lecturer');

-- --------------------------------------------------------

--
-- Table structure for table `eldc2`
--

CREATE TABLE `eldc2` (
  `id` int(11) NOT NULL,
  `start_time` time NOT NULL,
  `end_time` time NOT NULL,
  `checker_mon` int(11) NOT NULL,
  `checker_tue` int(11) NOT NULL,
  `checker_wed` int(11) NOT NULL,
  `checker_thu` int(11) NOT NULL,
  `checker_fri` int(11) NOT NULL,
  `checker_sat` int(11) NOT NULL,
  `checker_sun` int(11) NOT NULL
) ENGINE=InnoDB DEFAULT CHARSET=utf8mb4 COLLATE=utf8mb4_general_ci;

--
-- Dumping data for table `eldc2`
--

INSERT INTO `eldc2` (`id`, `start_time`, `end_time`, `checker_mon`, `checker_tue`, `checker_wed`, `checker_thu`, `checker_fri`, `checker_sat`, `checker_sun`) VALUES
(1, '07:00:00', '07:15:00', 0, 0, 0, 0, 0, 0, 0),
(2, '07:15:00', '07:30:00', 0, 0, 0, 0, 0, 0, 0),
(3, '07:30:00', '07:45:00', 0, 0, 0, 0, 0, 0, 0),
(4, '07:45:00', '08:00:00', 0, 0, 0, 0, 0, 0, 0),
(5, '08:00:00', '08:15:00', 0, 0, 0, 0, 0, 0, 0),
(6, '08:15:00', '08:30:00', 0, 0, 0, 0, 0, 0, 0),
(7, '08:30:00', '08:45:00', 0, 0, 0, 0, 0, 0, 0),
(8, '08:45:00', '09:00:00', 0, 0, 0, 0, 0, 0, 0),
(9, '09:00:00', '09:15:00', 0, 0, 0, 0, 0, 0, 0),
(10, '09:15:00', '09:30:00', 0, 0, 0, 0, 0, 0, 0),
(11, '09:30:00', '09:45:00', 0, 0, 0, 0, 0, 0, 0),
(12, '09:45:00', '10:00:00', 0, 0, 0, 0, 0, 0, 0),
(13, '10:00:00', '10:15:00', 0, 0, 0, 0, 0, 0, 0),
(14, '10:15:00', '10:30:00', 0, 0, 0, 0, 0, 0, 0),
(15, '10:30:00', '10:45:00', 0, 0, 0, 0, 0, 0, 0),
(16, '10:45:00', '11:00:00', 0, 0, 0, 0, 0, 0, 0),
(17, '11:00:00', '11:15:00', 0, 0, 0, 0, 0, 0, 0),
(18, '11:15:00', '11:30:00', 0, 0, 0, 0, 0, 0, 0),
(19, '11:30:00', '11:45:00', 0, 0, 0, 0, 0, 0, 0),
(20, '11:45:00', '12:00:00', 0, 0, 0, 0, 0, 0, 0),
(21, '12:00:00', '12:15:00', 0, 0, 0, 0, 0, 0, 0),
(22, '12:15:00', '12:30:00', 0, 0, 0, 0, 0, 0, 0),
(23, '12:30:00', '12:45:00', 0, 0, 0, 0, 0, 0, 0),
(24, '12:45:00', '13:00:00', 0, 0, 0, 0, 0, 0, 0),
(25, '13:00:00', '13:15:00', 0, 0, 0, 0, 0, 0, 0),
(26, '13:15:00', '13:30:00', 0, 0, 0, 0, 0, 0, 0),
(27, '13:30:00', '13:45:00', 0, 0, 0, 0, 0, 0, 0),
(28, '13:45:00', '14:00:00', 0, 0, 0, 0, 0, 0, 0),
(29, '14:00:00', '14:15:00', 0, 0, 0, 0, 0, 0, 0),
(30, '14:15:00', '14:30:00', 0, 0, 0, 0, 0, 0, 0),
(31, '14:30:00', '14:45:00', 0, 0, 0, 0, 0, 0, 0),
(32, '14:45:00', '15:00:00', 0, 0, 0, 0, 0, 0, 0),
(33, '15:00:00', '15:15:00', 0, 0, 0, 0, 0, 0, 0),
(34, '15:15:00', '15:30:00', 0, 0, 0, 0, 0, 0, 0),
(35, '15:30:00', '15:45:00', 0, 0, 0, 0, 0, 0, 0),
(36, '15:45:00', '16:00:00', 0, 0, 0, 0, 0, 0, 0),
(37, '16:00:00', '16:15:00', 0, 0, 0, 0, 0, 0, 0),
(38, '16:15:00', '16:30:00', 0, 0, 0, 0, 0, 0, 0),
(39, '16:30:00', '16:45:00', 0, 0, 0, 0, 0, 0, 0),
(40, '16:45:00', '17:00:00', 0, 0, 0, 0, 0, 0, 0),
(41, '17:00:00', '17:15:00', 0, 0, 0, 0, 0, 0, 0),
(42, '17:15:00', '17:30:00', 0, 0, 0, 0, 0, 0, 0),
(43, '17:30:00', '17:45:00', 0, 0, 0, 0, 0, 0, 0),
(44, '17:45:00', '18:00:00', 0, 0, 0, 0, 0, 0, 0),
(45, '18:00:00', '18:15:00', 0, 0, 0, 0, 0, 0, 0),
(46, '18:15:00', '18:30:00', 0, 0, 0, 0, 0, 0, 0),
(47, '18:30:00', '18:45:00', 0, 0, 0, 0, 0, 0, 0),
(48, '18:45:00', '19:00:00', 0, 0, 0, 0, 0, 0, 0);

-- --------------------------------------------------------

--
-- Table structure for table `excess_load`
--

CREATE TABLE `excess_load` (
  `id` int(11) NOT NULL,
  `name_id` int(11) NOT NULL,
  `section_id` int(11) NOT NULL,
  `subject_id` int(11) NOT NULL,
  `room_id` int(11) NOT NULL,
  `day_id` int(11) NOT NULL,
  `startTime_id` int(11) NOT NULL,
  `endTime_id` int(11) NOT NULL
) ENGINE=InnoDB DEFAULT CHARSET=utf8mb4 COLLATE=utf8mb4_general_ci;

-- --------------------------------------------------------

--
-- Table structure for table `heb502`
--

CREATE TABLE `heb502` (
  `id` int(11) NOT NULL,
  `start_time` time NOT NULL,
  `end_time` time NOT NULL,
  `checker_mon` int(11) NOT NULL,
  `checker_tue` int(11) NOT NULL,
  `checker_wed` int(11) NOT NULL,
  `checker_thu` int(11) NOT NULL,
  `checker_fri` int(11) NOT NULL,
  `checker_sat` int(11) NOT NULL,
  `checker_sun` int(11) NOT NULL
) ENGINE=InnoDB DEFAULT CHARSET=utf8mb4 COLLATE=utf8mb4_general_ci;

--
-- Dumping data for table `heb502`
--

INSERT INTO `heb502` (`id`, `start_time`, `end_time`, `checker_mon`, `checker_tue`, `checker_wed`, `checker_thu`, `checker_fri`, `checker_sat`, `checker_sun`) VALUES
(1, '07:00:00', '07:15:00', 0, 0, 0, 0, 0, 0, 0),
(2, '07:15:00', '07:30:00', 0, 0, 0, 0, 0, 0, 0),
(3, '07:30:00', '07:45:00', 0, 0, 0, 0, 0, 0, 0),
(4, '07:45:00', '08:00:00', 0, 0, 0, 0, 0, 0, 0),
(5, '08:00:00', '08:15:00', 0, 0, 0, 0, 0, 0, 0),
(6, '08:15:00', '08:30:00', 0, 0, 0, 0, 0, 0, 0),
(7, '08:30:00', '08:45:00', 0, 0, 0, 0, 0, 0, 0),
(8, '08:45:00', '09:00:00', 0, 0, 0, 0, 0, 0, 0),
(9, '09:00:00', '09:15:00', 0, 0, 0, 0, 0, 0, 0),
(10, '09:15:00', '09:30:00', 0, 0, 0, 0, 0, 0, 0),
(11, '09:30:00', '09:45:00', 0, 0, 0, 0, 0, 0, 0),
(12, '09:45:00', '10:00:00', 0, 0, 0, 0, 0, 0, 0),
(13, '10:00:00', '10:15:00', 0, 0, 0, 0, 0, 0, 0),
(14, '10:15:00', '10:30:00', 0, 0, 0, 0, 0, 0, 0),
(15, '10:30:00', '10:45:00', 0, 0, 0, 0, 0, 0, 0),
(16, '10:45:00', '11:00:00', 0, 0, 0, 0, 0, 0, 0),
(17, '11:00:00', '11:15:00', 0, 0, 0, 0, 0, 0, 0),
(18, '11:15:00', '11:30:00', 0, 0, 0, 0, 0, 0, 0),
(19, '11:30:00', '11:45:00', 0, 0, 0, 0, 0, 0, 0),
(20, '11:45:00', '12:00:00', 0, 0, 0, 0, 0, 0, 0),
(21, '12:00:00', '12:15:00', 0, 0, 0, 0, 0, 0, 0),
(22, '12:15:00', '12:30:00', 0, 0, 0, 0, 0, 0, 0),
(23, '12:30:00', '12:45:00', 0, 0, 0, 0, 0, 0, 0),
(24, '12:45:00', '13:00:00', 0, 0, 0, 0, 0, 0, 0),
(25, '13:00:00', '13:15:00', 0, 0, 0, 0, 0, 0, 0),
(26, '13:15:00', '13:30:00', 0, 0, 0, 0, 0, 0, 0),
(27, '13:30:00', '13:45:00', 0, 0, 0, 0, 0, 0, 0),
(28, '13:45:00', '14:00:00', 0, 0, 0, 0, 0, 0, 0),
(29, '14:00:00', '14:15:00', 0, 0, 0, 0, 0, 0, 0),
(30, '14:15:00', '14:30:00', 0, 0, 0, 0, 0, 0, 0),
(31, '14:30:00', '14:45:00', 0, 0, 0, 0, 0, 0, 0),
(32, '14:45:00', '15:00:00', 0, 0, 0, 0, 0, 0, 0),
(33, '15:00:00', '15:15:00', 0, 0, 0, 0, 0, 0, 0),
(34, '15:15:00', '15:30:00', 0, 0, 0, 0, 0, 0, 0),
(35, '15:30:00', '15:45:00', 0, 0, 0, 0, 0, 0, 0),
(36, '15:45:00', '16:00:00', 0, 0, 0, 0, 0, 0, 0),
(37, '16:00:00', '16:15:00', 0, 0, 0, 0, 0, 0, 0),
(38, '16:15:00', '16:30:00', 0, 0, 0, 0, 0, 0, 0),
(39, '16:30:00', '16:45:00', 0, 0, 0, 0, 0, 0, 0),
(40, '16:45:00', '17:00:00', 0, 0, 0, 0, 0, 0, 0),
(41, '17:00:00', '17:15:00', 0, 0, 0, 0, 0, 0, 0),
(42, '17:15:00', '17:30:00', 0, 0, 0, 0, 0, 0, 0),
(43, '17:30:00', '17:45:00', 0, 0, 0, 0, 0, 0, 0),
(44, '17:45:00', '18:00:00', 0, 0, 0, 0, 0, 0, 0),
(45, '18:00:00', '18:15:00', 0, 0, 0, 0, 0, 0, 0),
(46, '18:15:00', '18:30:00', 0, 0, 0, 0, 0, 0, 0),
(47, '18:30:00', '18:45:00', 0, 0, 0, 0, 0, 0, 0),
(48, '18:45:00', '19:00:00', 0, 0, 0, 0, 0, 0, 0);

-- --------------------------------------------------------

--
-- Table structure for table `hec302`
--

CREATE TABLE `hec302` (
  `id` int(11) NOT NULL,
  `start_time` time NOT NULL,
  `end_time` time NOT NULL,
  `checker_mon` int(11) NOT NULL,
  `checker_tue` int(11) NOT NULL,
  `checker_wed` int(11) NOT NULL,
  `checker_thu` int(11) NOT NULL,
  `checker_fri` int(11) NOT NULL,
  `checker_sat` int(11) NOT NULL,
  `checker_sun` int(11) NOT NULL
) ENGINE=InnoDB DEFAULT CHARSET=utf8mb4 COLLATE=utf8mb4_general_ci;

--
-- Dumping data for table `hec302`
--

INSERT INTO `hec302` (`id`, `start_time`, `end_time`, `checker_mon`, `checker_tue`, `checker_wed`, `checker_thu`, `checker_fri`, `checker_sat`, `checker_sun`) VALUES
(1, '07:00:00', '07:15:00', 0, 0, 0, 0, 0, 0, 0),
(2, '07:15:00', '07:30:00', 0, 0, 0, 0, 0, 0, 0),
(3, '07:30:00', '07:45:00', 0, 0, 0, 0, 0, 0, 0),
(4, '07:45:00', '08:00:00', 0, 0, 0, 0, 0, 0, 0),
(5, '08:00:00', '08:15:00', 0, 0, 0, 0, 0, 0, 0),
(6, '08:15:00', '08:30:00', 0, 0, 0, 0, 0, 0, 0),
(7, '08:30:00', '08:45:00', 0, 0, 0, 0, 0, 0, 0),
(8, '08:45:00', '09:00:00', 0, 0, 0, 0, 0, 0, 0),
(9, '09:00:00', '09:15:00', 0, 0, 0, 0, 0, 0, 0),
(10, '09:15:00', '09:30:00', 0, 0, 0, 0, 0, 0, 0),
(11, '09:30:00', '09:45:00', 0, 0, 0, 0, 0, 0, 0),
(12, '09:45:00', '10:00:00', 0, 0, 0, 0, 0, 0, 0),
(13, '10:00:00', '10:15:00', 0, 0, 0, 0, 0, 0, 0),
(14, '10:15:00', '10:30:00', 0, 0, 0, 0, 0, 0, 0),
(15, '10:30:00', '10:45:00', 0, 0, 0, 0, 0, 0, 0),
(16, '10:45:00', '11:00:00', 0, 0, 0, 0, 0, 0, 0),
(17, '11:00:00', '11:15:00', 0, 0, 0, 0, 0, 0, 0),
(18, '11:15:00', '11:30:00', 0, 0, 0, 0, 0, 0, 0),
(19, '11:30:00', '11:45:00', 0, 0, 0, 0, 0, 0, 0),
(20, '11:45:00', '12:00:00', 0, 0, 0, 0, 0, 0, 0),
(21, '12:00:00', '12:15:00', 0, 0, 0, 0, 0, 0, 0),
(22, '12:15:00', '12:30:00', 0, 0, 0, 0, 0, 0, 0),
(23, '12:30:00', '12:45:00', 0, 0, 0, 0, 0, 0, 0),
(24, '12:45:00', '13:00:00', 0, 0, 0, 0, 0, 0, 0),
(25, '13:00:00', '13:15:00', 0, 0, 0, 0, 0, 0, 0),
(26, '13:15:00', '13:30:00', 0, 0, 0, 0, 0, 0, 0),
(27, '13:30:00', '13:45:00', 0, 0, 0, 0, 0, 0, 0),
(28, '13:45:00', '14:00:00', 0, 0, 0, 0, 0, 0, 0),
(29, '14:00:00', '14:15:00', 0, 0, 0, 0, 0, 0, 0),
(30, '14:15:00', '14:30:00', 0, 0, 0, 0, 0, 0, 0),
(31, '14:30:00', '14:45:00', 0, 0, 0, 0, 0, 0, 0),
(32, '14:45:00', '15:00:00', 0, 0, 0, 0, 0, 0, 0),
(33, '15:00:00', '15:15:00', 0, 0, 0, 0, 0, 0, 0),
(34, '15:15:00', '15:30:00', 0, 0, 0, 0, 0, 0, 0),
(35, '15:30:00', '15:45:00', 0, 0, 0, 0, 0, 0, 0),
(36, '15:45:00', '16:00:00', 0, 0, 0, 0, 0, 0, 0),
(37, '16:00:00', '16:15:00', 0, 0, 0, 0, 0, 0, 0),
(38, '16:15:00', '16:30:00', 0, 0, 0, 0, 0, 0, 0),
(39, '16:30:00', '16:45:00', 0, 0, 0, 0, 0, 0, 0),
(40, '16:45:00', '17:00:00', 0, 0, 0, 0, 0, 0, 0),
(41, '17:00:00', '17:15:00', 0, 0, 0, 0, 0, 0, 0),
(42, '17:15:00', '17:30:00', 0, 0, 0, 0, 0, 0, 0),
(43, '17:30:00', '17:45:00', 0, 0, 0, 0, 0, 0, 0),
(44, '17:45:00', '18:00:00', 0, 0, 0, 0, 0, 0, 0),
(45, '18:00:00', '18:15:00', 0, 0, 0, 0, 0, 0, 0),
(46, '18:15:00', '18:30:00', 0, 0, 0, 0, 0, 0, 0),
(47, '18:30:00', '18:45:00', 0, 0, 0, 0, 0, 0, 0),
(48, '18:45:00', '19:00:00', 0, 0, 0, 0, 0, 0, 0);

-- --------------------------------------------------------

--
-- Table structure for table `ldc304`
--

CREATE TABLE `ldc304` (
  `id` int(11) NOT NULL,
  `start_time` time NOT NULL,
  `end_time` time NOT NULL,
  `checker_mon` int(11) NOT NULL,
  `checker_tue` int(11) NOT NULL,
  `checker_wed` int(11) NOT NULL,
  `checker_thu` int(11) NOT NULL,
  `checker_fri` int(11) NOT NULL,
  `checker_sat` int(11) NOT NULL,
  `checker_sun` int(11) NOT NULL
) ENGINE=InnoDB DEFAULT CHARSET=utf8mb4 COLLATE=utf8mb4_general_ci;

--
-- Dumping data for table `ldc304`
--

INSERT INTO `ldc304` (`id`, `start_time`, `end_time`, `checker_mon`, `checker_tue`, `checker_wed`, `checker_thu`, `checker_fri`, `checker_sat`, `checker_sun`) VALUES
(1, '07:00:00', '07:15:00', 0, 0, 0, 0, 0, 0, 0),
(2, '07:15:00', '07:30:00', 0, 0, 0, 0, 0, 0, 0),
(3, '07:30:00', '07:45:00', 0, 0, 0, 0, 0, 0, 0),
(4, '07:45:00', '08:00:00', 0, 0, 0, 0, 0, 0, 0),
(5, '08:00:00', '08:15:00', 0, 0, 0, 0, 0, 0, 0),
(6, '08:15:00', '08:30:00', 0, 0, 0, 0, 0, 0, 0),
(7, '08:30:00', '08:45:00', 0, 0, 0, 0, 0, 0, 0),
(8, '08:45:00', '09:00:00', 0, 0, 0, 0, 0, 0, 0),
(9, '09:00:00', '09:15:00', 0, 0, 0, 0, 0, 0, 0),
(10, '09:15:00', '09:30:00', 0, 0, 0, 0, 0, 0, 0),
(11, '09:30:00', '09:45:00', 0, 0, 0, 0, 0, 0, 0),
(12, '09:45:00', '10:00:00', 0, 0, 0, 0, 0, 0, 0),
(13, '10:00:00', '10:15:00', 0, 0, 0, 0, 0, 0, 0),
(14, '10:15:00', '10:30:00', 0, 0, 0, 0, 0, 0, 0),
(15, '10:30:00', '10:45:00', 0, 0, 0, 0, 0, 0, 0),
(16, '10:45:00', '11:00:00', 0, 0, 0, 0, 0, 0, 0),
(17, '11:00:00', '11:15:00', 0, 0, 0, 0, 0, 0, 0),
(18, '11:15:00', '11:30:00', 0, 0, 0, 0, 0, 0, 0),
(19, '11:30:00', '11:45:00', 0, 0, 0, 0, 0, 0, 0),
(20, '11:45:00', '12:00:00', 0, 0, 0, 0, 0, 0, 0),
(21, '12:00:00', '12:15:00', 0, 0, 0, 0, 0, 0, 0),
(22, '12:15:00', '12:30:00', 0, 0, 0, 0, 0, 0, 0),
(23, '12:30:00', '12:45:00', 0, 0, 0, 0, 0, 0, 0),
(24, '12:45:00', '13:00:00', 0, 0, 0, 0, 0, 0, 0),
(25, '13:00:00', '13:15:00', 0, 0, 0, 0, 0, 0, 0),
(26, '13:15:00', '13:30:00', 0, 0, 0, 0, 0, 0, 0),
(27, '13:30:00', '13:45:00', 0, 0, 0, 0, 0, 0, 0),
(28, '13:45:00', '14:00:00', 0, 0, 0, 0, 0, 0, 0),
(29, '14:00:00', '14:15:00', 0, 0, 0, 0, 0, 0, 0),
(30, '14:15:00', '14:30:00', 0, 0, 0, 0, 0, 0, 0),
(31, '14:30:00', '14:45:00', 0, 0, 0, 0, 0, 0, 0),
(32, '14:45:00', '15:00:00', 0, 0, 0, 0, 0, 0, 0),
(33, '15:00:00', '15:15:00', 0, 0, 0, 0, 0, 0, 0),
(34, '15:15:00', '15:30:00', 0, 0, 0, 0, 0, 0, 0),
(35, '15:30:00', '15:45:00', 0, 0, 0, 0, 0, 0, 0),
(36, '15:45:00', '16:00:00', 0, 0, 0, 0, 0, 0, 0),
(37, '16:00:00', '16:15:00', 0, 0, 0, 0, 0, 0, 0),
(38, '16:15:00', '16:30:00', 0, 0, 0, 0, 0, 0, 0),
(39, '16:30:00', '16:45:00', 0, 0, 0, 0, 0, 0, 0),
(40, '16:45:00', '17:00:00', 0, 0, 0, 0, 0, 0, 0),
(41, '17:00:00', '17:15:00', 0, 0, 0, 0, 0, 0, 0),
(42, '17:15:00', '17:30:00', 0, 0, 0, 0, 0, 0, 0),
(43, '17:30:00', '17:45:00', 0, 0, 0, 0, 0, 0, 0),
(44, '17:45:00', '18:00:00', 0, 0, 0, 0, 0, 0, 0),
(45, '18:00:00', '18:15:00', 0, 0, 0, 0, 0, 0, 0),
(46, '18:15:00', '18:30:00', 0, 0, 0, 0, 0, 0, 0),
(47, '18:30:00', '18:45:00', 0, 0, 0, 0, 0, 0, 0),
(48, '18:45:00', '19:00:00', 0, 0, 0, 0, 0, 0, 0);

-- --------------------------------------------------------

--
-- Table structure for table `ldc305`
--

CREATE TABLE `ldc305` (
  `id` int(11) NOT NULL,
  `start_time` time NOT NULL,
  `end_time` time NOT NULL,
  `checker_mon` int(11) NOT NULL,
  `checker_tue` int(11) NOT NULL,
  `checker_wed` int(11) NOT NULL,
  `checker_thu` int(11) NOT NULL,
  `checker_fri` int(11) NOT NULL,
  `checker_sat` int(11) NOT NULL,
  `checker_sun` int(11) NOT NULL
) ENGINE=InnoDB DEFAULT CHARSET=utf8mb4 COLLATE=utf8mb4_general_ci;

--
-- Dumping data for table `ldc305`
--

INSERT INTO `ldc305` (`id`, `start_time`, `end_time`, `checker_mon`, `checker_tue`, `checker_wed`, `checker_thu`, `checker_fri`, `checker_sat`, `checker_sun`) VALUES
(1, '07:00:00', '07:15:00', 0, 0, 0, 0, 0, 0, 0),
(2, '07:15:00', '07:30:00', 0, 0, 0, 0, 0, 0, 0),
(3, '07:30:00', '07:45:00', 0, 0, 0, 0, 0, 0, 0),
(4, '07:45:00', '08:00:00', 0, 0, 0, 0, 0, 0, 0),
(5, '08:00:00', '08:15:00', 0, 0, 0, 0, 0, 0, 0),
(6, '08:15:00', '08:30:00', 0, 0, 0, 0, 0, 0, 0),
(7, '08:30:00', '08:45:00', 0, 0, 0, 0, 0, 0, 0),
(8, '08:45:00', '09:00:00', 0, 0, 0, 0, 0, 0, 0),
(9, '09:00:00', '09:15:00', 0, 0, 0, 0, 0, 0, 0),
(10, '09:15:00', '09:30:00', 0, 0, 0, 0, 0, 0, 0),
(11, '09:30:00', '09:45:00', 0, 0, 0, 0, 0, 0, 0),
(12, '09:45:00', '10:00:00', 0, 0, 0, 0, 0, 0, 0),
(13, '10:00:00', '10:15:00', 0, 0, 0, 0, 0, 0, 0),
(14, '10:15:00', '10:30:00', 0, 0, 0, 0, 0, 0, 0),
(15, '10:30:00', '10:45:00', 0, 0, 0, 0, 0, 0, 0),
(16, '10:45:00', '11:00:00', 0, 0, 0, 0, 0, 0, 0),
(17, '11:00:00', '11:15:00', 0, 0, 0, 0, 0, 0, 0),
(18, '11:15:00', '11:30:00', 0, 0, 0, 0, 0, 0, 0),
(19, '11:30:00', '11:45:00', 0, 0, 0, 0, 0, 0, 0),
(20, '11:45:00', '12:00:00', 0, 0, 0, 0, 0, 0, 0),
(21, '12:00:00', '12:15:00', 0, 0, 0, 0, 0, 0, 0),
(22, '12:15:00', '12:30:00', 0, 0, 0, 0, 0, 0, 0),
(23, '12:30:00', '12:45:00', 0, 0, 0, 0, 0, 0, 0),
(24, '12:45:00', '13:00:00', 0, 0, 0, 0, 0, 0, 0),
(25, '13:00:00', '13:15:00', 0, 0, 0, 0, 0, 0, 0),
(26, '13:15:00', '13:30:00', 0, 0, 0, 0, 0, 0, 0),
(27, '13:30:00', '13:45:00', 0, 0, 0, 0, 0, 0, 0),
(28, '13:45:00', '14:00:00', 0, 0, 0, 0, 0, 0, 0),
(29, '14:00:00', '14:15:00', 0, 0, 0, 0, 0, 0, 0),
(30, '14:15:00', '14:30:00', 0, 0, 0, 0, 0, 0, 0),
(31, '14:30:00', '14:45:00', 0, 0, 0, 0, 0, 0, 0),
(32, '14:45:00', '15:00:00', 0, 0, 0, 0, 0, 0, 0),
(33, '15:00:00', '15:15:00', 0, 0, 0, 0, 0, 0, 0),
(34, '15:15:00', '15:30:00', 0, 0, 0, 0, 0, 0, 0),
(35, '15:30:00', '15:45:00', 0, 0, 0, 0, 0, 0, 0),
(36, '15:45:00', '16:00:00', 0, 0, 0, 0, 0, 0, 0),
(37, '16:00:00', '16:15:00', 0, 0, 0, 0, 0, 0, 0),
(38, '16:15:00', '16:30:00', 0, 0, 0, 0, 0, 0, 0),
(39, '16:30:00', '16:45:00', 0, 0, 0, 0, 0, 0, 0),
(40, '16:45:00', '17:00:00', 0, 0, 0, 0, 0, 0, 0),
(41, '17:00:00', '17:15:00', 0, 0, 0, 0, 0, 0, 0),
(42, '17:15:00', '17:30:00', 0, 0, 0, 0, 0, 0, 0),
(43, '17:30:00', '17:45:00', 0, 0, 0, 0, 0, 0, 0),
(44, '17:45:00', '18:00:00', 0, 0, 0, 0, 0, 0, 0),
(45, '18:00:00', '18:15:00', 0, 0, 0, 0, 0, 0, 0),
(46, '18:15:00', '18:30:00', 0, 0, 0, 0, 0, 0, 0),
(47, '18:30:00', '18:45:00', 0, 0, 0, 0, 0, 0, 0),
(48, '18:45:00', '19:00:00', 0, 0, 0, 0, 0, 0, 0);

-- --------------------------------------------------------

--
-- Table structure for table `lecturers`
--

CREATE TABLE `lecturers` (
  `id` int(11) NOT NULL,
  `name_id` int(11) NOT NULL,
  `section_id` int(11) NOT NULL,
  `subject_id` int(11) NOT NULL,
  `room_id` int(11) NOT NULL,
  `day_id` int(11) NOT NULL,
  `startTime_id` int(11) NOT NULL,
  `endTime_id` int(11) NOT NULL
) ENGINE=InnoDB DEFAULT CHARSET=utf8mb4 COLLATE=utf8mb4_general_ci;

--
-- Dumping data for table `lecturers`
--

INSERT INTO `lecturers` (`id`, `name_id`, `section_id`, `subject_id`, `room_id`, `day_id`, `startTime_id`, `endTime_id`) VALUES
(126, 2, 16, 3, 7, 2, 2, 7),
(127, 2, 16, 3, 7, 2, 2, 7),
(128, 2, 17, 3, 7, 3, 2, 7),
(129, 2, 19, 2, 4, 6, 2, 10),
(130, 3, 19, 2, 4, 4, 2, 10),
(131, 6, 19, 2, 7, 4, 7, 20),
(132, 18, 19, 2, 7, 7, 7, 20),
(133, 13, 19, 2, 7, 2, 7, 20),
(134, 18, 19, 2, 7, 6, 7, 20),
(135, 7, 17, 2, 7, 3, 7, 20),
(136, 26, 20, 3, 7, 3, 13, 36),
(137, 10, 17, 2, 3, 5, 13, 36),
(138, 21, 19, 2, 3, 2, 17, 36),
(139, 5, 19, 2, 3, 2, 17, 36),
(140, 8, 19, 2, 3, 4, 17, 36),
(141, 9, 19, 2, 3, 8, 17, 36),
(142, 11, 17, 2, 2, 5, 22, 36),
(143, 12, 19, 2, 2, 7, 22, 36),
(144, 16, 18, 3, 2, 2, 22, 36),
(145, 29, 20, 3, 2, 3, 22, 36),
(146, 26, 17, 2, 4, 2, 21, 36),
(147, 28, 18, 3, 7, 3, 23, 40),
(148, 7, 18, 3, 7, 3, 23, 40),
(149, 17, 16, 2, 4, 7, 25, 40),
(150, 18, 18, 2, 4, 3, 25, 40),
(151, 15, 17, 3, 6, 6, 27, 40),
(152, 22, 18, 3, 8, 4, 37, 46),
(153, 5, 18, 3, 8, 4, 37, 46),
(154, 7, 18, 3, 8, 4, 37, 46),
(155, 14, 18, 3, 9, 4, 37, 46),
(156, 15, 18, 3, 9, 6, 37, 46),
(157, 15, 18, 3, 9, 6, 37, 46),
(158, 10, 19, 3, 9, 4, 1, 16),
(159, 9, 19, 3, 4, 4, 1, 16),
(160, 2, 19, 3, 4, 4, 1, 16),
(161, 3, 19, 3, 4, 4, 1, 16),
(162, 4, 19, 3, 4, 4, 1, 16),
(163, 5, 19, 3, 4, 4, 1, 16),
(164, 6, 19, 3, 4, 4, 1, 16),
(165, 7, 19, 3, 4, 4, 1, 16),
(166, 8, 19, 3, 4, 4, 1, 16),
(167, 10, 19, 3, 4, 4, 1, 16),
(168, 12, 17, 3, 5, 2, 1, 16),
(169, 11, 17, 3, 5, 3, 1, 16),
(170, 16, 17, 3, 5, 3, 1, 16),
(171, 18, 17, 3, 5, 5, 1, 16),
(172, 29, 17, 3, 5, 8, 1, 16),
(173, 21, 17, 3, 5, 6, 1, 16),
(174, 21, 16, 2, 5, 4, 1, 16),
(175, 2, 16, 2, 6, 2, 1, 20),
(176, 3, 16, 2, 6, 3, 1, 20),
(177, 3, 16, 2, 7, 3, 1, 20),
(178, 2, 16, 2, 6, 2, 1, 20),
(179, 3, 16, 2, 6, 2, 1, 4),
(180, 6, 18, 2, 6, 5, 1, 14),
(181, 7, 19, 2, 6, 6, 1, 14),
(182, 10, 19, 2, 12, 6, 1, 14),
(183, 10, 19, 2, 8, 4, 1, 14),
(184, 10, 16, 2, 8, 8, 1, 14),
(185, 12, 16, 3, 8, 6, 25, 43),
(186, 13, 16, 3, 8, 8, 25, 43);

-- --------------------------------------------------------

--
-- Table structure for table `names`
--

CREATE TABLE `names` (
  `id` int(11) NOT NULL,
  `name` varchar(255) DEFAULT NULL,
  `position_id` int(11) DEFAULT NULL,
  `designation_id` int(11) DEFAULT NULL
) ENGINE=InnoDB DEFAULT CHARSET=utf8mb4 COLLATE=utf8mb4_general_ci;

--
-- Dumping data for table `names`
--

INSERT INTO `names` (`id`, `name`, `position_id`, `designation_id`) VALUES
(1, '', NULL, NULL),
(2, 'ABEGANIA, AARON DAVE', 3, 3),
(3, 'ALIMOREN, DIONECES O.', 3, 2),
(4, 'ALMARIO, ARVIN E.', 3, 3),
(5, 'AMORADO, RYNDEL V.', 2, 2),
(6, 'ASI, ARIES C.', 3, 3),
(7, 'BALAZON, FRANCIS G.', 2, 2),
(8, 'BALBA, RAYMOND P.', 3, 3),
(9, 'BALUYOT, DEANMARC PATRICK G.', 3, 3),
(10, 'BUNYI, MARK EROLLE L.', 3, 3),
(11, 'CALOSA, CHARLENE P.', 3, 3),
(12, 'CORNEJO, CHARIZE C', 3, 3),
(13, 'CUENCA, MIKHAEL GERAE', 3, 3),
(14, 'DE VILLA, AILINE B.', 3, 3),
(15, 'FLORO, MELANDRO V.', 3, 3),
(16, 'LABIAGA, ELENOR R.', 3, 3),
(17, 'LLAVE, WILSON M.', 3, 3),
(18, 'MAQUINTO, ZYMON ANDREW M.', 3, 3),
(19, 'MENINTIGAR, TRISHA M.', 3, 3),
(20, 'PASTRANA CARLO M.', 3, 3),
(21, 'PAZ, BRYAN EMMANUEL B.', 3, 3),
(22, 'PEREZ, JAZZON H.', 3, 3),
(23, 'REALIS, GLENDA V.', 3, 3),
(24, 'SANTOS, JOSELITO K.', 2, 2),
(25, 'SUAREZ, AILEEN', 3, 3),
(26, 'SULIT, RICHELLE M.', 2, 2),
(27, 'TIQUIO, DARYL M.', 3, 3),
(28, 'VERGARA, NIMFA M.', 3, 3),
(29, 'MELO, JONNAH R.', 2, 2),
(39, 'SIANQUITA, JOSHUA S.', 3, 3);

-- --------------------------------------------------------

--
-- Table structure for table `phylab`
--

CREATE TABLE `phylab` (
  `id` int(11) NOT NULL,
  `start_time` time NOT NULL,
  `end_time` time NOT NULL,
  `checker_mon` int(11) NOT NULL,
  `checker_tue` int(11) NOT NULL,
  `checker_wed` int(11) NOT NULL,
  `checker_thu` int(11) NOT NULL,
  `checker_fri` int(11) NOT NULL,
  `checker_sat` int(11) NOT NULL,
  `checker_sun` int(11) NOT NULL
) ENGINE=InnoDB DEFAULT CHARSET=utf8mb4 COLLATE=utf8mb4_general_ci;

--
-- Dumping data for table `phylab`
--

INSERT INTO `phylab` (`id`, `start_time`, `end_time`, `checker_mon`, `checker_tue`, `checker_wed`, `checker_thu`, `checker_fri`, `checker_sat`, `checker_sun`) VALUES
(1, '07:00:00', '07:15:00', 0, 0, 0, 0, 0, 0, 0),
(2, '07:15:00', '07:30:00', 0, 0, 0, 0, 0, 0, 0),
(3, '07:30:00', '07:45:00', 0, 0, 0, 0, 0, 0, 0),
(4, '07:45:00', '08:00:00', 0, 0, 0, 0, 0, 0, 0),
(5, '08:00:00', '08:15:00', 0, 0, 0, 0, 0, 0, 0),
(6, '08:15:00', '08:30:00', 0, 0, 0, 0, 0, 0, 0),
(7, '08:30:00', '08:45:00', 0, 0, 0, 0, 0, 0, 0),
(8, '08:45:00', '09:00:00', 0, 0, 0, 0, 0, 0, 0),
(9, '09:00:00', '09:15:00', 0, 0, 0, 0, 0, 0, 0),
(10, '09:15:00', '09:30:00', 0, 0, 0, 0, 0, 0, 0),
(11, '09:30:00', '09:45:00', 0, 0, 0, 0, 0, 0, 0),
(12, '09:45:00', '10:00:00', 0, 0, 0, 0, 0, 0, 0),
(13, '10:00:00', '10:15:00', 0, 0, 0, 0, 0, 0, 0),
(14, '10:15:00', '10:30:00', 0, 0, 0, 0, 0, 0, 0),
(15, '10:30:00', '10:45:00', 0, 0, 0, 0, 0, 0, 0),
(16, '10:45:00', '11:00:00', 0, 0, 0, 0, 0, 0, 0),
(17, '11:00:00', '11:15:00', 0, 0, 0, 0, 0, 0, 0),
(18, '11:15:00', '11:30:00', 0, 0, 0, 0, 0, 0, 0),
(19, '11:30:00', '11:45:00', 0, 0, 0, 0, 0, 0, 0),
(20, '11:45:00', '12:00:00', 0, 0, 0, 0, 0, 0, 0),
(21, '12:00:00', '12:15:00', 0, 0, 0, 0, 0, 0, 0),
(22, '12:15:00', '12:30:00', 0, 0, 0, 0, 0, 0, 0),
(23, '12:30:00', '12:45:00', 0, 0, 0, 0, 0, 0, 0),
(24, '12:45:00', '13:00:00', 0, 0, 0, 0, 0, 0, 0),
(25, '13:00:00', '13:15:00', 0, 0, 0, 0, 0, 0, 0),
(26, '13:15:00', '13:30:00', 0, 0, 0, 0, 0, 0, 0),
(27, '13:30:00', '13:45:00', 0, 0, 0, 0, 0, 0, 0),
(28, '13:45:00', '14:00:00', 0, 0, 0, 0, 0, 0, 0),
(29, '14:00:00', '14:15:00', 0, 0, 0, 0, 0, 0, 0),
(30, '14:15:00', '14:30:00', 0, 0, 0, 0, 0, 0, 0),
(31, '14:30:00', '14:45:00', 0, 0, 0, 0, 0, 0, 0),
(32, '14:45:00', '15:00:00', 0, 0, 0, 0, 0, 0, 0),
(33, '15:00:00', '15:15:00', 0, 0, 0, 0, 0, 0, 0),
(34, '15:15:00', '15:30:00', 0, 0, 0, 0, 0, 0, 0),
(35, '15:30:00', '15:45:00', 0, 0, 0, 0, 0, 0, 0),
(36, '15:45:00', '16:00:00', 0, 0, 0, 0, 0, 0, 0),
(37, '16:00:00', '16:15:00', 0, 0, 0, 0, 0, 0, 0),
(38, '16:15:00', '16:30:00', 0, 0, 0, 0, 0, 0, 0),
(39, '16:30:00', '16:45:00', 0, 0, 0, 0, 0, 0, 0),
(40, '16:45:00', '17:00:00', 0, 0, 0, 0, 0, 0, 0),
(41, '17:00:00', '17:15:00', 0, 0, 0, 0, 0, 0, 0),
(42, '17:15:00', '17:30:00', 0, 0, 0, 0, 0, 0, 0),
(43, '17:30:00', '17:45:00', 0, 0, 0, 0, 0, 0, 0),
(44, '17:45:00', '18:00:00', 0, 0, 0, 0, 0, 0, 0),
(45, '18:00:00', '18:15:00', 0, 0, 0, 0, 0, 0, 0),
(46, '18:15:00', '18:30:00', 0, 0, 0, 0, 0, 0, 0),
(47, '18:30:00', '18:45:00', 0, 0, 0, 0, 0, 0, 0),
(48, '18:45:00', '19:00:00', 0, 0, 0, 0, 0, 0, 0);

-- --------------------------------------------------------

--
-- Table structure for table `position`
--

CREATE TABLE `position` (
  `id` int(11) NOT NULL,
  `position` varchar(255) DEFAULT NULL
) ENGINE=InnoDB DEFAULT CHARSET=utf8mb4 COLLATE=utf8mb4_general_ci;

--
-- Dumping data for table `position`
--

INSERT INTO `position` (`id`, `position`) VALUES
(1, ''),
(2, 'Full-Time'),
(3, 'Part-Time'),
(4, 'Intern');

-- --------------------------------------------------------

--
-- Table structure for table `rooms`
--

CREATE TABLE `rooms` (
  `id` int(11) NOT NULL,
  `rooms` varchar(50) NOT NULL
) ENGINE=InnoDB DEFAULT CHARSET=utf8mb4 COLLATE=utf8mb4_general_ci;

--
-- Dumping data for table `rooms`
--

INSERT INTO `rooms` (`id`, `rooms`) VALUES
(1, ''),
(2, 'CECS 501'),
(3, 'CECS 502'),
(4, 'CECS 503'),
(5, 'HEB 502'),
(6, 'ABB 101'),
(7, 'ABB 103'),
(8, 'LDC 304'),
(9, 'LDC 305'),
(10, 'ELDC2'),
(11, 'HEC 302'),
(12, 'PHYSICS LAB');

-- --------------------------------------------------------

--
-- Table structure for table `sections`
--

CREATE TABLE `sections` (
  `id` int(11) NOT NULL,
  `sections` varchar(50) DEFAULT NULL
) ENGINE=InnoDB DEFAULT CHARSET=utf8mb4 COLLATE=utf8mb4_general_ci;

--
-- Dumping data for table `sections`
--

INSERT INTO `sections` (`id`, `sections`) VALUES
(1, NULL),
(16, 'NT-3101'),
(17, 'SM-3101'),
(18, 'SM-3102'),
(19, 'BA-3101'),
(20, 'BA-3102');

-- --------------------------------------------------------

--
-- Table structure for table `subjects`
--

CREATE TABLE `subjects` (
  `id` int(11) NOT NULL,
  `subject_code` varchar(255) DEFAULT NULL,
  `subject` varchar(255) DEFAULT NULL
) ENGINE=InnoDB DEFAULT CHARSET=utf8mb4 COLLATE=utf8mb4_general_ci;

--
-- Dumping data for table `subjects`
--

INSERT INTO `subjects` (`id`, `subject_code`, `subject`) VALUES
(1, '', ''),
(2, 'IT 331', 'Application Development and Emerging Technologies'),
(3, 'IT 332', 'Integrative Programming and Technologies');

-- --------------------------------------------------------

--
-- Table structure for table `time_slots`
--

CREATE TABLE `time_slots` (
  `id` int(11) NOT NULL,
  `start_time` time NOT NULL,
  `end_time` time NOT NULL
) ENGINE=InnoDB DEFAULT CHARSET=utf8mb4 COLLATE=utf8mb4_general_ci;

--
-- Dumping data for table `time_slots`
--

INSERT INTO `time_slots` (`id`, `start_time`, `end_time`) VALUES
(1, '07:00:00', '07:15:00'),
(2, '07:15:00', '07:30:00'),
(3, '07:30:00', '07:45:00'),
(4, '07:45:00', '08:00:00'),
(5, '08:00:00', '08:15:00'),
(6, '08:15:00', '08:30:00'),
(7, '08:30:00', '08:45:00'),
(8, '08:45:00', '09:00:00'),
(9, '09:00:00', '09:15:00'),
(10, '09:15:00', '09:30:00'),
(11, '09:30:00', '09:45:00'),
(12, '09:45:00', '10:00:00'),
(13, '10:00:00', '10:15:00'),
(14, '10:15:00', '10:30:00'),
(15, '10:30:00', '10:45:00'),
(16, '10:45:00', '11:00:00'),
(17, '11:00:00', '11:15:00'),
(18, '11:15:00', '11:30:00'),
(19, '11:30:00', '11:45:00'),
(20, '11:45:00', '12:00:00'),
(21, '12:00:00', '12:15:00'),
(22, '12:15:00', '12:30:00'),
(23, '12:30:00', '12:45:00'),
(24, '12:45:00', '13:00:00'),
(25, '13:00:00', '13:15:00'),
(26, '13:15:00', '13:30:00'),
(27, '13:30:00', '13:45:00'),
(28, '13:45:00', '14:00:00'),
(29, '14:00:00', '14:15:00'),
(30, '14:15:00', '14:30:00'),
(31, '14:30:00', '14:45:00'),
(32, '14:45:00', '15:00:00'),
(33, '15:00:00', '15:15:00'),
(34, '15:15:00', '15:30:00'),
(35, '15:30:00', '15:45:00'),
(36, '15:45:00', '16:00:00'),
(37, '16:00:00', '16:15:00'),
(38, '16:15:00', '16:30:00'),
(39, '16:30:00', '16:45:00'),
(40, '16:45:00', '17:00:00'),
(41, '17:00:00', '17:15:00'),
(42, '17:15:00', '17:30:00'),
(43, '17:30:00', '17:45:00'),
(44, '17:45:00', '18:00:00'),
(45, '18:00:00', '18:15:00'),
(46, '18:15:00', '18:30:00'),
(47, '18:30:00', '18:45:00'),
(48, '18:45:00', '19:00:00');

--
-- Indexes for dumped tables
--

--
-- Indexes for table `abb101`
--
ALTER TABLE `abb101`
  ADD PRIMARY KEY (`id`);

--
-- Indexes for table `abb103`
--
ALTER TABLE `abb103`
  ADD PRIMARY KEY (`id`);

--
-- Indexes for table `cecs501`
--
ALTER TABLE `cecs501`
  ADD PRIMARY KEY (`id`);

--
-- Indexes for table `cecs502`
--
ALTER TABLE `cecs502`
  ADD PRIMARY KEY (`id`);

--
-- Indexes for table `cecs503`
--
ALTER TABLE `cecs503`
  ADD PRIMARY KEY (`id`);

--
-- Indexes for table `day`
--
ALTER TABLE `day`
  ADD PRIMARY KEY (`id`);

--
-- Indexes for table `designation`
--
ALTER TABLE `designation`
  ADD PRIMARY KEY (`id`);

--
-- Indexes for table `eldc2`
--
ALTER TABLE `eldc2`
  ADD PRIMARY KEY (`id`);

--
-- Indexes for table `excess_load`
--
ALTER TABLE `excess_load`
  ADD PRIMARY KEY (`id`);

--
-- Indexes for table `heb502`
--
ALTER TABLE `heb502`
  ADD PRIMARY KEY (`id`);

--
-- Indexes for table `hec302`
--
ALTER TABLE `hec302`
  ADD PRIMARY KEY (`id`);

--
-- Indexes for table `ldc304`
--
ALTER TABLE `ldc304`
  ADD PRIMARY KEY (`id`);

--
-- Indexes for table `ldc305`
--
ALTER TABLE `ldc305`
  ADD PRIMARY KEY (`id`);

--
-- Indexes for table `lecturers`
--
ALTER TABLE `lecturers`
  ADD PRIMARY KEY (`id`);

--
-- Indexes for table `names`
--
ALTER TABLE `names`
  ADD PRIMARY KEY (`id`);

--
-- Indexes for table `phylab`
--
ALTER TABLE `phylab`
  ADD PRIMARY KEY (`id`);

--
-- Indexes for table `position`
--
ALTER TABLE `position`
  ADD PRIMARY KEY (`id`);

--
-- Indexes for table `rooms`
--
ALTER TABLE `rooms`
  ADD PRIMARY KEY (`id`);

--
-- Indexes for table `sections`
--
ALTER TABLE `sections`
  ADD PRIMARY KEY (`id`);

--
-- Indexes for table `subjects`
--
ALTER TABLE `subjects`
  ADD PRIMARY KEY (`id`);

--
-- Indexes for table `time_slots`
--
ALTER TABLE `time_slots`
  ADD PRIMARY KEY (`id`);

--
-- AUTO_INCREMENT for dumped tables
--

--
-- AUTO_INCREMENT for table `abb101`
--
ALTER TABLE `abb101`
  MODIFY `id` int(11) NOT NULL AUTO_INCREMENT, AUTO_INCREMENT=49;

--
-- AUTO_INCREMENT for table `abb103`
--
ALTER TABLE `abb103`
  MODIFY `id` int(11) NOT NULL AUTO_INCREMENT, AUTO_INCREMENT=49;

--
-- AUTO_INCREMENT for table `cecs501`
--
ALTER TABLE `cecs501`
  MODIFY `id` int(11) NOT NULL AUTO_INCREMENT, AUTO_INCREMENT=49;

--
-- AUTO_INCREMENT for table `cecs502`
--
ALTER TABLE `cecs502`
  MODIFY `id` int(11) NOT NULL AUTO_INCREMENT, AUTO_INCREMENT=49;

--
-- AUTO_INCREMENT for table `cecs503`
--
ALTER TABLE `cecs503`
  MODIFY `id` int(11) NOT NULL AUTO_INCREMENT, AUTO_INCREMENT=49;

--
-- AUTO_INCREMENT for table `day`
--
ALTER TABLE `day`
  MODIFY `id` int(11) NOT NULL AUTO_INCREMENT, AUTO_INCREMENT=9;

--
-- AUTO_INCREMENT for table `designation`
--
ALTER TABLE `designation`
  MODIFY `id` int(11) NOT NULL AUTO_INCREMENT, AUTO_INCREMENT=4;

--
-- AUTO_INCREMENT for table `eldc2`
--
ALTER TABLE `eldc2`
  MODIFY `id` int(11) NOT NULL AUTO_INCREMENT, AUTO_INCREMENT=49;

--
-- AUTO_INCREMENT for table `excess_load`
--
ALTER TABLE `excess_load`
  MODIFY `id` int(11) NOT NULL AUTO_INCREMENT, AUTO_INCREMENT=6;

--
-- AUTO_INCREMENT for table `heb502`
--
ALTER TABLE `heb502`
  MODIFY `id` int(11) NOT NULL AUTO_INCREMENT, AUTO_INCREMENT=49;

--
-- AUTO_INCREMENT for table `hec302`
--
ALTER TABLE `hec302`
  MODIFY `id` int(11) NOT NULL AUTO_INCREMENT, AUTO_INCREMENT=49;

--
-- AUTO_INCREMENT for table `ldc304`
--
ALTER TABLE `ldc304`
  MODIFY `id` int(11) NOT NULL AUTO_INCREMENT, AUTO_INCREMENT=49;

--
-- AUTO_INCREMENT for table `ldc305`
--
ALTER TABLE `ldc305`
  MODIFY `id` int(11) NOT NULL AUTO_INCREMENT, AUTO_INCREMENT=49;

--
-- AUTO_INCREMENT for table `lecturers`
--
ALTER TABLE `lecturers`
  MODIFY `id` int(11) NOT NULL AUTO_INCREMENT, AUTO_INCREMENT=187;

--
-- AUTO_INCREMENT for table `names`
--
ALTER TABLE `names`
  MODIFY `id` int(11) NOT NULL AUTO_INCREMENT, AUTO_INCREMENT=40;

--
-- AUTO_INCREMENT for table `phylab`
--
ALTER TABLE `phylab`
  MODIFY `id` int(11) NOT NULL AUTO_INCREMENT, AUTO_INCREMENT=49;

--
-- AUTO_INCREMENT for table `position`
--
ALTER TABLE `position`
  MODIFY `id` int(11) NOT NULL AUTO_INCREMENT, AUTO_INCREMENT=5;

--
-- AUTO_INCREMENT for table `rooms`
--
ALTER TABLE `rooms`
  MODIFY `id` int(11) NOT NULL AUTO_INCREMENT, AUTO_INCREMENT=15;

--
-- AUTO_INCREMENT for table `sections`
--
ALTER TABLE `sections`
  MODIFY `id` int(11) NOT NULL AUTO_INCREMENT, AUTO_INCREMENT=26;

--
-- AUTO_INCREMENT for table `subjects`
--
ALTER TABLE `subjects`
  MODIFY `id` int(11) NOT NULL AUTO_INCREMENT, AUTO_INCREMENT=45;

--
-- AUTO_INCREMENT for table `time_slots`
--
ALTER TABLE `time_slots`
  MODIFY `id` int(11) NOT NULL AUTO_INCREMENT, AUTO_INCREMENT=49;
COMMIT;

/*!40101 SET CHARACTER_SET_CLIENT=@OLD_CHARACTER_SET_CLIENT */;
/*!40101 SET CHARACTER_SET_RESULTS=@OLD_CHARACTER_SET_RESULTS */;
/*!40101 SET COLLATION_CONNECTION=@OLD_COLLATION_CONNECTION */;
